genres,playtime_forever,user_id,release_date,Horas jugadas
,2353,helenangel,2009,2353
1980s,358429,jiumohoo,1988,128
1980s,358429,jiumohoo,2000,356217
1980s,358429,jiumohoo,2014,743
1980s,358429,jiumohoo,2015,1098
1980s,358429,jiumohoo,2016,243
1990's,378184,DownSyndromeKid,1991,0
1990's,378184,DownSyndromeKid,1992,0
1990's,378184,DownSyndromeKid,1993,0
1990's,378184,DownSyndromeKid,1994,0
1990's,378184,DownSyndromeKid,1995,0
1990's,378184,DownSyndromeKid,1996,95
1990's,378184,DownSyndromeKid,1997,95
1990's,378184,DownSyndromeKid,1998,76899
1990's,378184,DownSyndromeKid,1999,150212
1990's,378184,DownSyndromeKid,2000,76927
1990's,378184,DownSyndromeKid,2001,73956
2.5D,119709,poadster,2014,119709
2D,758893,REBAS_AS_F-T,2006,107
2D,758893,REBAS_AS_F-T,2007,0
2D,758893,REBAS_AS_F-T,2008,0
2D,758893,REBAS_AS_F-T,2009,1967
2D,758893,REBAS_AS_F-T,2010,6781
2D,758893,REBAS_AS_F-T,2011,22588
2D,758893,REBAS_AS_F-T,2012,68628
2D,758893,REBAS_AS_F-T,2013,108464
2D,758893,REBAS_AS_F-T,2014,114684
2D,758893,REBAS_AS_F-T,2015,185615
2D,758893,REBAS_AS_F-T,2016,248182
2D,758893,REBAS_AS_F-T,2017,1877
2D Fighter,119709,poadster,2014,119709
3D Platformer,37049,76561197994950912,2010,37049
3D Vision,215997,76561198029584773,2005,0
3D Vision,215997,76561198029584773,2009,753
3D Vision,215997,76561198029584773,2010,106
3D Vision,215997,76561198029584773,2011,334
3D Vision,215997,76561198029584773,2012,42
3D Vision,215997,76561198029584773,2013,793
3D Vision,215997,76561198029584773,2014,213969
4 Player Local,128931,76561198021534556,2010,503
4 Player Local,128931,76561198021534556,2011,128428
4X,442473,76561198038513068,2004,13344
4X,442473,76561198038513068,2006,6772
4X,442473,76561198038513068,2010,101037
4X,442473,76561198038513068,2013,308612
4X,442473,76561198038513068,2014,4140
4X,442473,76561198038513068,2016,8568
6DOF,3632,mjk0104,2005,3632
Abstract,34336,Cow666,2010,34127
Abstract,34336,Cow666,2014,209
Action,1893127,Sp3ctre,1993,0
Action,1893127,Sp3ctre,1995,217
Action,1893127,Sp3ctre,1996,0
Action,1893127,Sp3ctre,1997,242
Action,1893127,Sp3ctre,1998,0
Action,1893127,Sp3ctre,1999,44
Action,1893127,Sp3ctre,2000,70644
Action,1893127,Sp3ctre,2001,250
Action,1893127,Sp3ctre,2002,238
Action,1893127,Sp3ctre,2003,7744
Action,1893127,Sp3ctre,2004,127411
Action,1893127,Sp3ctre,2005,21339
Action,1893127,Sp3ctre,2006,90253
Action,1893127,Sp3ctre,2007,112794
Action,1893127,Sp3ctre,2008,8533
Action,1893127,Sp3ctre,2009,108771
Action,1893127,Sp3ctre,2010,82766
Action,1893127,Sp3ctre,2011,155459
Action,1893127,Sp3ctre,2012,384238
Action,1893127,Sp3ctre,2013,122003
Action,1893127,Sp3ctre,2014,132625
Action,1893127,Sp3ctre,2015,394312
Action,1893127,Sp3ctre,2016,29917
Action,1893127,Sp3ctre,2017,43327
Action RPG,641943,Evilutional,2011,1054
Action RPG,641943,Evilutional,2012,640889
Action-Adventure,91829,76561197994950912,2010,37049
Action-Adventure,91829,76561197994950912,2012,5257
Action-Adventure,91829,76561197994950912,2013,49523
Adventure,2686404,REBAS_AS_F-T,1998,1
Adventure,2686404,REBAS_AS_F-T,1999,224
Adventure,2686404,REBAS_AS_F-T,2000,0
Adventure,2686404,REBAS_AS_F-T,2001,0
Adventure,2686404,REBAS_AS_F-T,2002,1
Adventure,2686404,REBAS_AS_F-T,2003,1863
Adventure,2686404,REBAS_AS_F-T,2004,2115
Adventure,2686404,REBAS_AS_F-T,2005,3293
Adventure,2686404,REBAS_AS_F-T,2006,1704
Adventure,2686404,REBAS_AS_F-T,2007,9899
Adventure,2686404,REBAS_AS_F-T,2008,4513
Adventure,2686404,REBAS_AS_F-T,2009,47903
Adventure,2686404,REBAS_AS_F-T,2010,56701
Adventure,2686404,REBAS_AS_F-T,2011,113805
Adventure,2686404,REBAS_AS_F-T,2012,220083
Adventure,2686404,REBAS_AS_F-T,2013,283269
Adventure,2686404,REBAS_AS_F-T,2014,300155
Adventure,2686404,REBAS_AS_F-T,2015,730571
Adventure,2686404,REBAS_AS_F-T,2016,876636
Adventure,2686404,REBAS_AS_F-T,2017,33668
Agriculture,95052,76561198031286028,2013,5759
Agriculture,95052,76561198031286028,2014,89293
Aliens,228653,DownSyndromeKid,1998,76899
Aliens,228653,DownSyndromeKid,1999,73970
Aliens,228653,DownSyndromeKid,2001,76848
Aliens,228653,DownSyndromeKid,2003,0
Aliens,228653,DownSyndromeKid,2004,126
Aliens,228653,DownSyndromeKid,2007,333
Aliens,228653,DownSyndromeKid,2009,0
Aliens,228653,DownSyndromeKid,2014,0
Aliens,228653,DownSyndromeKid,2015,0
Aliens,228653,DownSyndromeKid,2016,382
Aliens,228653,DownSyndromeKid,2017,95
Alternate History,160140,76561198016458849,2013,52905
Alternate History,160140,76561198016458849,2014,107235
America,90604,76561198011312704,2009,90604
Animation & Modeling,725186,clawbot44,2006,722992
Animation & Modeling,725186,clawbot44,2015,2194
Animation &amp; Modeling,168314,ScottyG555,2015,168314
Anime,2529059,REBAS_AS_F-T,2004,6985
Anime,2529059,REBAS_AS_F-T,2005,1113
Anime,2529059,REBAS_AS_F-T,2006,107
Anime,2529059,REBAS_AS_F-T,2007,1070
Anime,2529059,REBAS_AS_F-T,2008,1241
Anime,2529059,REBAS_AS_F-T,2009,20731
Anime,2529059,REBAS_AS_F-T,2010,13910
Anime,2529059,REBAS_AS_F-T,2011,91161
Anime,2529059,REBAS_AS_F-T,2012,102043
Anime,2529059,REBAS_AS_F-T,2013,183171
Anime,2529059,REBAS_AS_F-T,2014,179289
Anime,2529059,REBAS_AS_F-T,2015,774264
Anime,2529059,REBAS_AS_F-T,2016,1123008
Anime,2529059,REBAS_AS_F-T,2017,30966
Arcade,266968,REBAS_AS_F-T,2003,0
Arcade,266968,REBAS_AS_F-T,2006,107
Arcade,266968,REBAS_AS_F-T,2007,0
Arcade,266968,REBAS_AS_F-T,2008,6
Arcade,266968,REBAS_AS_F-T,2009,3038
Arcade,266968,REBAS_AS_F-T,2010,3248
Arcade,266968,REBAS_AS_F-T,2011,6785
Arcade,266968,REBAS_AS_F-T,2012,20856
Arcade,266968,REBAS_AS_F-T,2013,24702
Arcade,266968,REBAS_AS_F-T,2014,67351
Arcade,266968,REBAS_AS_F-T,2015,24471
Arcade,266968,REBAS_AS_F-T,2016,115005
Arcade,266968,REBAS_AS_F-T,2017,1399
Arena Shooter,149458,DownSyndromeKid,2001,73975
Arena Shooter,149458,DownSyndromeKid,2007,136
Arena Shooter,149458,DownSyndromeKid,2011,74820
Arena Shooter,149458,DownSyndromeKid,2014,176
Arena Shooter,149458,DownSyndromeKid,2016,351
Arena Shooter,149458,DownSyndromeKid,2017,0
Artificial Intelligence,2735,piepai,2014,2735
Assassin,356489,jiumohoo,2000,356217
Assassin,356489,jiumohoo,2006,272
Assassin,356489,jiumohoo,2009,0
Asynchronous Multiplayer,145465,76561198044711473,2012,145465
Atmospheric,965757,REBAS_AS_F-T,1998,1
Atmospheric,965757,REBAS_AS_F-T,1999,225
Atmospheric,965757,REBAS_AS_F-T,2000,0
Atmospheric,965757,REBAS_AS_F-T,2001,0
Atmospheric,965757,REBAS_AS_F-T,2002,1
Atmospheric,965757,REBAS_AS_F-T,2003,0
Atmospheric,965757,REBAS_AS_F-T,2004,2115
Atmospheric,965757,REBAS_AS_F-T,2005,4
Atmospheric,965757,REBAS_AS_F-T,2006,31
Atmospheric,965757,REBAS_AS_F-T,2007,8829
Atmospheric,965757,REBAS_AS_F-T,2008,3784
Atmospheric,965757,REBAS_AS_F-T,2009,27719
Atmospheric,965757,REBAS_AS_F-T,2010,38576
Atmospheric,965757,REBAS_AS_F-T,2011,40235
Atmospheric,965757,REBAS_AS_F-T,2012,121843
Atmospheric,965757,REBAS_AS_F-T,2013,152526
Atmospheric,965757,REBAS_AS_F-T,2014,138102
Atmospheric,965757,REBAS_AS_F-T,2015,212354
Atmospheric,965757,REBAS_AS_F-T,2016,216765
Atmospheric,965757,REBAS_AS_F-T,2017,2647
Audio Production,109916,Lickidactyl,2014,109916
Base Building,283756,tankedout,2006,214324
Base Building,283756,tankedout,2009,9220
Base Building,283756,tankedout,2012,6895
Base Building,283756,tankedout,2013,53317
Based On A Novel,187157,76561198166194627,2012,187157
Basketball,173990,stopgovtcorruption,2010,173990
Basketball,173990,stopgovtcorruption,2013,0
Basketball,173990,stopgovtcorruption,2015,0
Batman,57530,SenorcThePie,2008,1910
Batman,57530,SenorcThePie,2010,3684
Batman,57530,SenorcThePie,2012,27593
Batman,57530,SenorcThePie,2013,11876
Batman,57530,SenorcThePie,2014,3790
Batman,57530,SenorcThePie,2015,8550
Batman,57530,SenorcThePie,2016,127
Beat 'em up,267833,qqmp,2010,1
Beat 'em up,267833,qqmp,2013,4913
Beat 'em up,267833,qqmp,2014,256634
Beat 'em up,267833,qqmp,2015,6285
Benchmark,37450,76561198093659923,2007,12913
Benchmark,37450,76561198093659923,2008,4588
Benchmark,37450,76561198093659923,2011,19949
Blood,81763,76561198036455045,2010,1727
Blood,81763,76561198036455045,2015,1511
Blood,81763,76561198036455045,2016,78525
Board Game,334639,rinco69,2011,11325
Board Game,334639,rinco69,2012,27006
Board Game,334639,rinco69,2013,33846
Board Game,334639,rinco69,2014,0
Board Game,334639,rinco69,2015,260028
Board Game,334639,rinco69,2016,9
Board Game,334639,rinco69,2017,2425
Bowling,10936,gemaman2,2011,10936
Building,764062,clawbot44,2006,722992
Building,764062,clawbot44,2007,1064
Building,764062,clawbot44,2008,128
Building,764062,clawbot44,2013,3944
Building,764062,clawbot44,2014,4356
Building,764062,clawbot44,2015,8826
Building,764062,clawbot44,2016,19688
Building,764062,clawbot44,2017,3064
Bullet Hell,231500,REBAS_AS_F-T,2010,1118
Bullet Hell,231500,REBAS_AS_F-T,2011,6332
Bullet Hell,231500,REBAS_AS_F-T,2012,6222
Bullet Hell,231500,REBAS_AS_F-T,2014,39779
Bullet Hell,231500,REBAS_AS_F-T,2015,44903
Bullet Hell,231500,REBAS_AS_F-T,2016,131747
Bullet Hell,231500,REBAS_AS_F-T,2017,1399
Bullet Time,97418,76561198071178936,2012,97320
Bullet Time,97418,76561198071178936,2013,94
Bullet Time,97418,76561198071178936,2014,4
CRPG,60202,76561197978426585,1997,586
CRPG,60202,76561197978426585,1998,5134
CRPG,60202,76561197978426585,2001,224
CRPG,60202,76561197978426585,2002,0
CRPG,60202,76561197978426585,2012,1078
CRPG,60202,76561197978426585,2013,33598
CRPG,60202,76561197978426585,2014,11658
CRPG,60202,76561197978426585,2015,7924
Capitalism,530882,shinomegami,2003,530882
Capitalism,530882,shinomegami,2008,0
Capitalism,530882,shinomegami,2011,0
Card Game,346248,rinco69,2010,2523
Card Game,346248,rinco69,2011,12367
Card Game,346248,rinco69,2012,27006
Card Game,346248,rinco69,2013,33846
Card Game,346248,rinco69,2014,7439
Card Game,346248,rinco69,2015,260540
Card Game,346248,rinco69,2016,102
Card Game,346248,rinco69,2017,2425
Cartoon,136849,EclipseProduction,2012,1304
Cartoon,136849,EclipseProduction,2014,135545
Cartoony,113903,76561198027406146,2012,39
Cartoony,113903,76561198027406146,2014,41458
Cartoony,113903,76561198027406146,2015,72406
Casual,1519919,REBAS_AS_F-T,1999,0
Casual,1519919,REBAS_AS_F-T,2002,0
Casual,1519919,REBAS_AS_F-T,2004,6985
Casual,1519919,REBAS_AS_F-T,2006,36
Casual,1519919,REBAS_AS_F-T,2007,1070
Casual,1519919,REBAS_AS_F-T,2008,1367
Casual,1519919,REBAS_AS_F-T,2009,9348
Casual,1519919,REBAS_AS_F-T,2010,15054
Casual,1519919,REBAS_AS_F-T,2011,86419
Casual,1519919,REBAS_AS_F-T,2012,46974
Casual,1519919,REBAS_AS_F-T,2013,155496
Casual,1519919,REBAS_AS_F-T,2014,147330
Casual,1519919,REBAS_AS_F-T,2015,470690
Casual,1519919,REBAS_AS_F-T,2016,579092
Casual,1519919,REBAS_AS_F-T,2017,58
Character Action Game,52527,hydrariver,2006,2235
Character Action Game,52527,hydrariver,2008,7318
Character Action Game,52527,hydrariver,2010,14
Character Action Game,52527,hydrariver,2013,37860
Character Action Game,52527,hydrariver,2014,3965
Character Action Game,52527,hydrariver,2015,1135
Character Customization,456638,76561198041627248,2011,328984
Character Customization,456638,76561198041627248,2012,0
Character Customization,456638,76561198041627248,2013,127654
Chess,10322,GenSeed,2011,10322
Choices Matter,155066,76561198066939949,2009,140112
Choices Matter,155066,76561198066939949,2010,1
Choices Matter,155066,76561198066939949,2012,13347
Choices Matter,155066,76561198066939949,2013,1606
Choose Your Own Adventure,80643,shinomegami,2010,0
Choose Your Own Adventure,80643,shinomegami,2012,126
Choose Your Own Adventure,80643,shinomegami,2013,245
Choose Your Own Adventure,80643,shinomegami,2014,147
Choose Your Own Adventure,80643,shinomegami,2015,80125
Cinematic,85724,Harkugan,2006,1976
Cinematic,85724,Harkugan,2010,9214
Cinematic,85724,Harkugan,2012,4518
Cinematic,85724,Harkugan,2013,3048
Cinematic,85724,Harkugan,2014,1782
Cinematic,85724,Harkugan,2015,65186
City Builder,442069,76561198063368177,2001,79
City Builder,442069,76561198063368177,2009,0
City Builder,442069,76561198063368177,2010,1313
City Builder,442069,76561198063368177,2012,439912
City Builder,442069,76561198063368177,2013,143
City Builder,442069,76561198063368177,2014,393
City Builder,442069,76561198063368177,2016,229
Class-Based,367057,76561197961702279,1999,21
Class-Based,367057,76561197961702279,2003,0
Class-Based,367057,76561197961702279,2009,366892
Class-Based,367057,76561197961702279,2015,144
Classic,763962,DownSyndromeKid,1988,664
Classic,763962,DownSyndromeKid,1990,0
Classic,763962,DownSyndromeKid,1991,0
Classic,763962,DownSyndromeKid,1992,0
Classic,763962,DownSyndromeKid,1993,317
Classic,763962,DownSyndromeKid,1994,0
Classic,763962,DownSyndromeKid,1995,523
Classic,763962,DownSyndromeKid,1996,0
Classic,763962,DownSyndromeKid,1997,95
Classic,763962,DownSyndromeKid,1998,76899
Classic,763962,DownSyndromeKid,1999,150334
Classic,763962,DownSyndromeKid,2000,150892
Classic,763962,DownSyndromeKid,2001,148026
Classic,763962,DownSyndromeKid,2002,73922
Classic,763962,DownSyndromeKid,2003,74627
Classic,763962,DownSyndromeKid,2004,126
Classic,763962,DownSyndromeKid,2005,81018
Classic,763962,DownSyndromeKid,2010,190
Classic,763962,DownSyndromeKid,2011,0
Classic,763962,DownSyndromeKid,2012,5472
Classic,763962,DownSyndromeKid,2013,96
Classic,763962,DownSyndromeKid,2014,248
Classic,763962,DownSyndromeKid,2015,513
Classic,763962,DownSyndromeKid,2016,0
Clicker,772182,idonothack,2010,0
Clicker,772182,idonothack,2015,756016
Clicker,772182,idonothack,2016,16166
Co-op,1578992,Sp3ctre,1999,44
Co-op,1578992,Sp3ctre,2004,11
Co-op,1578992,Sp3ctre,2005,21339
Co-op,1578992,Sp3ctre,2006,89457
Co-op,1578992,Sp3ctre,2007,109230
Co-op,1578992,Sp3ctre,2009,103925
Co-op,1578992,Sp3ctre,2010,59300
Co-op,1578992,Sp3ctre,2011,141316
Co-op,1578992,Sp3ctre,2012,372411
Co-op,1578992,Sp3ctre,2013,106468
Co-op,1578992,Sp3ctre,2014,118096
Co-op,1578992,Sp3ctre,2015,388031
Co-op,1578992,Sp3ctre,2016,26182
Co-op,1578992,Sp3ctre,2017,43182
Co-op Campaign,137476,76561198049210303,2008,137476
Cold War,160140,76561198016458849,2013,52905
Cold War,160140,76561198016458849,2014,107235
Colorful,119173,76561198011134106,2012,119173
Comedy,764364,clawbot44,2005,15068
Comedy,764364,clawbot44,2006,722992
Comedy,764364,clawbot44,2008,728
Comedy,764364,clawbot44,2009,8984
Comedy,764364,clawbot44,2010,1582
Comedy,764364,clawbot44,2011,0
Comedy,764364,clawbot44,2012,876
Comedy,764364,clawbot44,2013,5354
Comedy,764364,clawbot44,2014,2806
Comedy,764364,clawbot44,2015,4804
Comedy,764364,clawbot44,2017,1170
Comic Book,222547,Sekekai,2009,222547
Competitive,771728,crustyoldkiller,2004,388621
Competitive,771728,crustyoldkiller,2012,332493
Competitive,771728,crustyoldkiller,2014,53
Competitive,771728,crustyoldkiller,2015,50561
Conspiracy,98970,76561198047991989,2017,98970
Controller,271462,76561198046914681,2012,11
Controller,271462,76561198046914681,2013,204
Controller,271462,76561198046914681,2014,135
Controller,271462,76561198046914681,2015,271112
Controller,271462,76561198046914681,2016,0
Conversation,68745,rubber64,2010,68745
Crafting,505613,76561198027406146,2013,363880
Crafting,505613,76561198027406146,2014,42149
Crafting,505613,76561198027406146,2015,93439
Crafting,505613,76561198027406146,2016,5821
Crafting,505613,76561198027406146,2017,324
Crime,423036,poedgirl,2001,2
Crime,423036,poedgirl,2002,0
Crime,423036,poedgirl,2003,1
Crime,423036,poedgirl,2005,5
Crime,423036,poedgirl,2009,1165
Crime,423036,poedgirl,2010,6
Crime,423036,poedgirl,2011,410638
Crime,423036,poedgirl,2015,11219
Crowdfunded,94397,poadster,2014,92
Crowdfunded,94397,poadster,2016,94305
Cult Classic,219358,johnvu3,2009,207
Cult Classic,219358,johnvu3,2015,219151
Cute,652631,REBAS_AS_F-T,2004,6985
Cute,652631,REBAS_AS_F-T,2005,2176
Cute,652631,REBAS_AS_F-T,2007,0
Cute,652631,REBAS_AS_F-T,2010,2875
Cute,652631,REBAS_AS_F-T,2011,16003
Cute,652631,REBAS_AS_F-T,2012,16175
Cute,652631,REBAS_AS_F-T,2013,71660
Cute,652631,REBAS_AS_F-T,2014,20139
Cute,652631,REBAS_AS_F-T,2015,215118
Cute,652631,REBAS_AS_F-T,2016,301173
Cute,652631,REBAS_AS_F-T,2017,327
Cyberpunk,406717,laumir,2013,406717
Cycling,30393,Viol3ntSpanky,2014,30290
Cycling,30393,Viol3ntSpanky,2015,103
Dark,355567,benjamingarrison,1997,31
Dark,355567,benjamingarrison,1998,3311
Dark,355567,benjamingarrison,2004,3963
Dark,355567,benjamingarrison,2009,11
Dark,355567,benjamingarrison,2010,254
Dark,355567,benjamingarrison,2011,90
Dark,355567,benjamingarrison,2012,234650
Dark,355567,benjamingarrison,2014,164
Dark,355567,benjamingarrison,2015,113093
Dark Comedy,19677,76561198058713642,2015,255
Dark Comedy,19677,76561198058713642,2016,19422
Dark Fantasy,446993,benjamingarrison,1998,3311
Dark Fantasy,446993,benjamingarrison,2001,570
Dark Fantasy,446993,benjamingarrison,2007,5174
Dark Fantasy,446993,benjamingarrison,2008,71
Dark Fantasy,446993,benjamingarrison,2009,42
Dark Fantasy,446993,benjamingarrison,2012,234747
Dark Fantasy,446993,benjamingarrison,2015,112992
Dark Fantasy,446993,benjamingarrison,2016,90086
Dark Humor,224336,erangaea,2009,3580
Dark Humor,224336,erangaea,2011,130
Dark Humor,224336,erangaea,2012,220552
Dark Humor,224336,erangaea,2014,74
Dating Sim,710231,REBAS_AS_F-T,2009,7255
Dating Sim,710231,REBAS_AS_F-T,2010,13247
Dating Sim,710231,REBAS_AS_F-T,2011,53007
Dating Sim,710231,REBAS_AS_F-T,2012,51288
Dating Sim,710231,REBAS_AS_F-T,2013,105203
Dating Sim,710231,REBAS_AS_F-T,2014,38782
Dating Sim,710231,REBAS_AS_F-T,2015,223852
Dating Sim,710231,REBAS_AS_F-T,2016,209669
Dating Sim,710231,REBAS_AS_F-T,2017,7928
Demons,149299,johnvu3,2016,149299
Design & Illustration,168314,ScottyG555,2015,168314
Design &amp; Illustration,168314,ScottyG555,2015,168314
Destruction,186582,76561198037072308,2010,186582
Detective,74264,DownSyndromeKid,2002,73829
Detective,74264,DownSyndromeKid,2013,140
Detective,74264,DownSyndromeKid,2015,204
Detective,74264,DownSyndromeKid,2016,91
Difficult,959939,shinomegami,1988,136
Difficult,959939,shinomegami,1993,22001
Difficult,959939,shinomegami,1994,35041
Difficult,959939,shinomegami,1995,20487
Difficult,959939,shinomegami,1997,99
Difficult,959939,shinomegami,1998,3
Difficult,959939,shinomegami,2000,0
Difficult,959939,shinomegami,2001,0
Difficult,959939,shinomegami,2002,0
Difficult,959939,shinomegami,2003,530943
Difficult,959939,shinomegami,2004,23
Difficult,959939,shinomegami,2005,0
Difficult,959939,shinomegami,2006,137
Difficult,959939,shinomegami,2007,2428
Difficult,959939,shinomegami,2008,0
Difficult,959939,shinomegami,2009,8088
Difficult,959939,shinomegami,2010,9189
Difficult,959939,shinomegami,2011,5009
Difficult,959939,shinomegami,2012,15191
Difficult,959939,shinomegami,2013,138748
Difficult,959939,shinomegami,2014,92880
Difficult,959939,shinomegami,2015,50904
Difficult,959939,shinomegami,2016,28632
Dinosaurs,213319,76561198074736789,2012,992
Dinosaurs,213319,76561198074736789,2013,203
Dinosaurs,213319,76561198074736789,2017,212124
Diplomacy,500414,76561198038513068,2010,159242
Diplomacy,500414,76561198038513068,2012,29554
Diplomacy,500414,76561198038513068,2013,308612
Diplomacy,500414,76561198038513068,2016,3006
Documentary,2606,2448531,2011,2572
Documentary,2606,2448531,2012,34
Dragons,212124,76561198074736789,2017,212124
Drama,94476,REBAS_AS_F-T,2004,6985
Drama,94476,REBAS_AS_F-T,2007,1070
Drama,94476,REBAS_AS_F-T,2012,2870
Drama,94476,REBAS_AS_F-T,2013,6370
Drama,94476,REBAS_AS_F-T,2015,37688
Drama,94476,REBAS_AS_F-T,2016,39493
Driving,193206,76561197995725436,2012,40941
Driving,193206,76561197995725436,2013,79186
Driving,193206,76561197995725436,2014,73079
Dungeon Crawler,371599,thiefofrosesinlalaland,2011,369597
Dungeon Crawler,371599,thiefofrosesinlalaland,2012,31
Dungeon Crawler,371599,thiefofrosesinlalaland,2013,1427
Dungeon Crawler,371599,thiefofrosesinlalaland,2014,544
Dynamic Narration,18207,76561198161220449,2013,18207
Dystopian,120238,REBAS_AS_F-T,2000,0
Dystopian,120238,REBAS_AS_F-T,2004,1890
Dystopian,120238,REBAS_AS_F-T,2005,0
Dystopian,120238,REBAS_AS_F-T,2006,31
Dystopian,120238,REBAS_AS_F-T,2007,177
Dystopian,120238,REBAS_AS_F-T,2009,3123
Dystopian,120238,REBAS_AS_F-T,2010,3959
Dystopian,120238,REBAS_AS_F-T,2011,6092
Dystopian,120238,REBAS_AS_F-T,2012,37735
Dystopian,120238,REBAS_AS_F-T,2013,11733
Dystopian,120238,REBAS_AS_F-T,2014,8217
Dystopian,120238,REBAS_AS_F-T,2015,17511
Dystopian,120238,REBAS_AS_F-T,2016,29770
Early Access,316969,76561197978756659,2013,316786
Early Access,316969,76561197978756659,2015,183
Economy,541791,shinomegami,2000,0
Economy,541791,shinomegami,2002,2434
Economy,541791,shinomegami,2003,530882
Economy,541791,shinomegami,2006,0
Economy,541791,shinomegami,2008,0
Economy,541791,shinomegami,2009,3852
Economy,541791,shinomegami,2010,360
Economy,541791,shinomegami,2011,0
Economy,541791,shinomegami,2013,0
Economy,541791,shinomegami,2014,4263
Economy,541791,shinomegami,2015,0
Education,533575,76561198038513068,2010,159242
Education,533575,76561198038513068,2012,29554
Education,533575,76561198038513068,2013,344779
Episodic,79356,76561198084063741,2006,148
Episodic,79356,76561198084063741,2007,0
Episodic,79356,76561198084063741,2012,26615
Episodic,79356,76561198084063741,2013,35999
Episodic,79356,76561198084063741,2014,13020
Episodic,79356,76561198084063741,2015,3574
Experience,4087,smcs,2015,4087
Experimental,149300,johnvu3,2012,1
Experimental,149300,johnvu3,2016,149299
Exploration,336037,benjamingarrison,1998,3311
Exploration,336037,benjamingarrison,2003,636
Exploration,336037,benjamingarrison,2007,5174
Exploration,336037,benjamingarrison,2009,42
Exploration,336037,benjamingarrison,2010,254
Exploration,336037,benjamingarrison,2012,236534
Exploration,336037,benjamingarrison,2016,90086
FMV,145632,76561198049210303,2007,779
FMV,145632,76561198049210303,2008,137476
FMV,145632,76561198049210303,2009,7377
FPS,1308740,Sp3ctre,1996,0
FPS,1308740,Sp3ctre,1998,0
FPS,1308740,Sp3ctre,1999,44
FPS,1308740,Sp3ctre,2000,70644
FPS,1308740,Sp3ctre,2001,13
FPS,1308740,Sp3ctre,2002,0
FPS,1308740,Sp3ctre,2003,7673
FPS,1308740,Sp3ctre,2004,127411
FPS,1308740,Sp3ctre,2005,21339
FPS,1308740,Sp3ctre,2006,89575
FPS,1308740,Sp3ctre,2007,112352
FPS,1308740,Sp3ctre,2008,8513
FPS,1308740,Sp3ctre,2009,107994
FPS,1308740,Sp3ctre,2010,59278
FPS,1308740,Sp3ctre,2011,15291
FPS,1308740,Sp3ctre,2012,308898
FPS,1308740,Sp3ctre,2013,111055
FPS,1308740,Sp3ctre,2014,101059
FPS,1308740,Sp3ctre,2015,146100
FPS,1308740,Sp3ctre,2016,82
FPS,1308740,Sp3ctre,2017,21419
Family Friendly,620151,idonothack,2003,33
Family Friendly,620151,idonothack,2008,2
Family Friendly,620151,idonothack,2009,62
Family Friendly,620151,idonothack,2010,32
Family Friendly,620151,idonothack,2011,7585
Family Friendly,620151,idonothack,2012,562
Family Friendly,620151,idonothack,2013,15
Family Friendly,620151,idonothack,2014,305
Family Friendly,620151,idonothack,2015,611555
Family Friendly,620151,idonothack,2016,0
Fantasy,658946,tobscene,1995,0
Fantasy,658946,tobscene,1996,0
Fantasy,658946,tobscene,1998,0
Fantasy,658946,tobscene,2000,0
Fantasy,658946,tobscene,2002,8
Fantasy,658946,tobscene,2003,56
Fantasy,658946,tobscene,2004,0
Fantasy,658946,tobscene,2005,0
Fantasy,658946,tobscene,2007,22472
Fantasy,658946,tobscene,2008,11417
Fantasy,658946,tobscene,2009,13824
Fantasy,658946,tobscene,2010,28976
Fantasy,658946,tobscene,2011,13497
Fantasy,658946,tobscene,2012,113625
Fantasy,658946,tobscene,2013,63523
Fantasy,658946,tobscene,2014,86802
Fantasy,658946,tobscene,2015,294362
Fantasy,658946,tobscene,2016,186
Fantasy,658946,tobscene,2017,10198
Fast-Paced,479916,76561198064619260,2012,471846
Fast-Paced,479916,76561198064619260,2014,1000
Fast-Paced,479916,76561198064619260,2015,7070
Female Protagonist,1365792,REBAS_AS_F-T,2003,0
Female Protagonist,1365792,REBAS_AS_F-T,2004,0
Female Protagonist,1365792,REBAS_AS_F-T,2005,1113
Female Protagonist,1365792,REBAS_AS_F-T,2006,0
Female Protagonist,1365792,REBAS_AS_F-T,2007,1070
Female Protagonist,1365792,REBAS_AS_F-T,2008,1380
Female Protagonist,1365792,REBAS_AS_F-T,2009,18070
Female Protagonist,1365792,REBAS_AS_F-T,2010,6676
Female Protagonist,1365792,REBAS_AS_F-T,2011,98047
Female Protagonist,1365792,REBAS_AS_F-T,2012,82072
Female Protagonist,1365792,REBAS_AS_F-T,2013,173934
Female Protagonist,1365792,REBAS_AS_F-T,2014,132812
Female Protagonist,1365792,REBAS_AS_F-T,2015,423762
Female Protagonist,1365792,REBAS_AS_F-T,2016,415486
Female Protagonist,1365792,REBAS_AS_F-T,2017,11370
Fighting,271057,qqmp,2013,4913
Fighting,271057,qqmp,2014,257554
Fighting,271057,qqmp,2015,6285
Fighting,271057,qqmp,2016,2305
First-Person,1367884,Sp3ctre,1996,0
First-Person,1367884,Sp3ctre,1998,0
First-Person,1367884,Sp3ctre,1999,44
First-Person,1367884,Sp3ctre,2000,70644
First-Person,1367884,Sp3ctre,2001,13
First-Person,1367884,Sp3ctre,2002,0
First-Person,1367884,Sp3ctre,2003,7744
First-Person,1367884,Sp3ctre,2004,127411
First-Person,1367884,Sp3ctre,2005,21339
First-Person,1367884,Sp3ctre,2006,89575
First-Person,1367884,Sp3ctre,2007,112352
First-Person,1367884,Sp3ctre,2008,8513
First-Person,1367884,Sp3ctre,2009,107273
First-Person,1367884,Sp3ctre,2010,56540
First-Person,1367884,Sp3ctre,2011,15291
First-Person,1367884,Sp3ctre,2012,302832
First-Person,1367884,Sp3ctre,2013,59937
First-Person,1367884,Sp3ctre,2014,101020
First-Person,1367884,Sp3ctre,2015,244723
First-Person,1367884,Sp3ctre,2016,650
First-Person,1367884,Sp3ctre,2017,41983
Fishing,92684,76561198066840831,2006,8360
Fishing,92684,76561198066840831,2009,84324
Flight,146746,ramjamslam,2012,146741
Flight,146746,ramjamslam,2013,5
Football,119294,express157,2015,119271
Football,119294,express157,2016,23
Foreign,646,76561198079895323,2016,646
Free to Play,856118,shinomegami,1996,0
Free to Play,856118,shinomegami,2003,530882
Free to Play,856118,shinomegami,2006,1694
Free to Play,856118,shinomegami,2007,0
Free to Play,856118,shinomegami,2008,0
Free to Play,856118,shinomegami,2009,1
Free to Play,856118,shinomegami,2010,1934
Free to Play,856118,shinomegami,2011,63878
Free to Play,856118,shinomegami,2012,5989
Free to Play,856118,shinomegami,2013,44226
Free to Play,856118,shinomegami,2014,516
Free to Play,856118,shinomegami,2015,205542
Free to Play,856118,shinomegami,2016,1321
Free to Play,856118,shinomegami,2017,135
Funny,838118,clawbot44,2004,0
Funny,838118,clawbot44,2005,15068
Funny,838118,clawbot44,2006,723136
Funny,838118,clawbot44,2007,1064
Funny,838118,clawbot44,2008,728
Funny,838118,clawbot44,2009,23316
Funny,838118,clawbot44,2010,1582
Funny,838118,clawbot44,2011,0
Funny,838118,clawbot44,2012,876
Funny,838118,clawbot44,2013,5948
Funny,838118,clawbot44,2014,3478
Funny,838118,clawbot44,2015,58548
Funny,838118,clawbot44,2016,14
Funny,838118,clawbot44,2017,4360
Futuristic,407274,laumir,2012,557
Futuristic,407274,laumir,2013,406717
Gambling,205822,76561198073043666,2015,205822
Game Development,168314,ScottyG555,2015,168314
GameMaker,168314,ScottyG555,2015,168314
Games Workshop,169121,76561198071238400,2009,0
Games Workshop,169121,76561198071238400,2012,108052
Games Workshop,169121,76561198071238400,2014,38176
Games Workshop,169121,76561198071238400,2016,22893
Gaming,674,76561197994830976,2016,674
God Game,115234,76561198018608250,2008,8372
God Game,115234,76561198018608250,2009,106862
Golf,5218,76561198021391861,2016,5218
Gore,963451,stopgovtcorruption,1996,372
Gore,963451,stopgovtcorruption,2006,254482
Gore,963451,stopgovtcorruption,2009,343017
Gore,963451,stopgovtcorruption,2011,704
Gore,963451,stopgovtcorruption,2012,253548
Gore,963451,stopgovtcorruption,2013,1252
Gore,963451,stopgovtcorruption,2014,107476
Gore,963451,stopgovtcorruption,2015,2600
Gothic,61567,REBAS_AS_F-T,2009,0
Gothic,61567,REBAS_AS_F-T,2010,0
Gothic,61567,REBAS_AS_F-T,2012,5724
Gothic,61567,REBAS_AS_F-T,2013,15262
Gothic,61567,REBAS_AS_F-T,2014,2407
Gothic,61567,REBAS_AS_F-T,2016,38174
Grand Strategy,589090,76561198038513068,2004,13344
Grand Strategy,589090,76561198038513068,2006,9913
Grand Strategy,589090,76561198038513068,2007,4968
Grand Strategy,589090,76561198038513068,2009,3158
Grand Strategy,589090,76561198038513068,2010,167660
Grand Strategy,589090,76561198038513068,2012,29554
Grand Strategy,589090,76561198038513068,2013,344779
Grand Strategy,589090,76561198038513068,2014,4140
Grand Strategy,589090,76561198038513068,2016,11574
Great Soundtrack,1344587,REBAS_AS_F-T,1998,1
Great Soundtrack,1344587,REBAS_AS_F-T,1999,224
Great Soundtrack,1344587,REBAS_AS_F-T,2000,0
Great Soundtrack,1344587,REBAS_AS_F-T,2002,1
Great Soundtrack,1344587,REBAS_AS_F-T,2003,0
Great Soundtrack,1344587,REBAS_AS_F-T,2004,9099
Great Soundtrack,1344587,REBAS_AS_F-T,2005,2180
Great Soundtrack,1344587,REBAS_AS_F-T,2006,174
Great Soundtrack,1344587,REBAS_AS_F-T,2007,9738
Great Soundtrack,1344587,REBAS_AS_F-T,2008,1762
Great Soundtrack,1344587,REBAS_AS_F-T,2009,23341
Great Soundtrack,1344587,REBAS_AS_F-T,2010,6509
Great Soundtrack,1344587,REBAS_AS_F-T,2011,25850
Great Soundtrack,1344587,REBAS_AS_F-T,2012,88464
Great Soundtrack,1344587,REBAS_AS_F-T,2013,194246
Great Soundtrack,1344587,REBAS_AS_F-T,2014,203667
Great Soundtrack,1344587,REBAS_AS_F-T,2015,350147
Great Soundtrack,1344587,REBAS_AS_F-T,2016,426922
Great Soundtrack,1344587,REBAS_AS_F-T,2017,2262
Grid-Based Movement,77456,sp8i,2012,19717
Grid-Based Movement,77456,sp8i,2014,57439
Grid-Based Movement,77456,sp8i,2015,300
Gun Customization,119824,RATmasterfy,2012,119824
Hack and Slash,410613,laumir,2009,0
Hack and Slash,410613,laumir,2011,1683
Hack and Slash,410613,laumir,2012,2213
Hack and Slash,410613,laumir,2013,406717
Hacking,408492,poedgirl,2011,408492
Hacking,408492,poedgirl,2014,0
Hand-drawn,43035,Royal22,2012,387
Hand-drawn,43035,Royal22,2013,42648
Hand-drawn,43035,Royal22,2014,0
Hardware,350,76561198075908315,2016,350
Heist,71163,76561198057848197,2015,71163
Hex Grid,425905,streetjimmy,2008,0
Hex Grid,425905,streetjimmy,2009,0
Hex Grid,425905,streetjimmy,2010,425437
Hex Grid,425905,streetjimmy,2012,0
Hex Grid,425905,streetjimmy,2014,308
Hex Grid,425905,streetjimmy,2015,160
Hidden Object,58634,shinomegami,1993,0
Hidden Object,58634,shinomegami,2008,0
Hidden Object,58634,shinomegami,2009,195
Hidden Object,58634,shinomegami,2010,0
Hidden Object,58634,shinomegami,2011,2
Hidden Object,58634,shinomegami,2012,57915
Hidden Object,58634,shinomegami,2013,355
Hidden Object,58634,shinomegami,2014,167
Historical,585854,76561198038513068,2004,13344
Historical,585854,76561198038513068,2006,9913
Historical,585854,76561198038513068,2007,4968
Historical,585854,76561198038513068,2009,3158
Historical,585854,76561198038513068,2010,167660
Historical,585854,76561198038513068,2012,29554
Historical,585854,76561198038513068,2013,347114
Historical,585854,76561198038513068,2014,7137
Historical,585854,76561198038513068,2015,0
Historical,585854,76561198038513068,2016,3006
Horror,629994,stopgovtcorruption,1996,372
Horror,629994,stopgovtcorruption,2005,0
Horror,629994,stopgovtcorruption,2006,19974
Horror,629994,stopgovtcorruption,2009,342805
Horror,629994,stopgovtcorruption,2010,0
Horror,629994,stopgovtcorruption,2012,252713
Horror,629994,stopgovtcorruption,2013,80
Horror,629994,stopgovtcorruption,2014,3478
Horror,629994,stopgovtcorruption,2015,10572
Horses,352750,76561198018677971,2010,305148
Horses,352750,76561198018677971,2011,47602
Hunting,185872,76561198019112245,2014,182988
Hunting,185872,76561198019112245,2015,2884
Illuminati,336102,idonothack,2004,0
Illuminati,336102,idonothack,2010,0
Illuminati,336102,idonothack,2011,0
Illuminati,336102,idonothack,2014,441
Illuminati,336102,idonothack,2015,335125
Illuminati,336102,idonothack,2016,0
Illuminati,336102,idonothack,2017,536
Indie,2561991,REBAS_AS_F-T,1999,0
Indie,2561991,REBAS_AS_F-T,2001,11
Indie,2561991,REBAS_AS_F-T,2003,1863
Indie,2561991,REBAS_AS_F-T,2005,2176
Indie,2561991,REBAS_AS_F-T,2006,1673
Indie,2561991,REBAS_AS_F-T,2007,1070
Indie,2561991,REBAS_AS_F-T,2008,1366
Indie,2561991,REBAS_AS_F-T,2009,28993
Indie,2561991,REBAS_AS_F-T,2010,21687
Indie,2561991,REBAS_AS_F-T,2011,106083
Indie,2561991,REBAS_AS_F-T,2012,157144
Indie,2561991,REBAS_AS_F-T,2013,201689
Indie,2561991,REBAS_AS_F-T,2014,360816
Indie,2561991,REBAS_AS_F-T,2015,781530
Indie,2561991,REBAS_AS_F-T,2016,862003
Indie,2561991,REBAS_AS_F-T,2017,33887
Intentionally Awkward Controls,13801,pizzerman,2013,397
Intentionally Awkward Controls,13801,pizzerman,2014,13065
Intentionally Awkward Controls,13801,pizzerman,2015,339
Interactive Fiction,81075,shinomegami,2011,109
Interactive Fiction,81075,shinomegami,2012,0
Interactive Fiction,81075,shinomegami,2013,694
Interactive Fiction,81075,shinomegami,2014,147
Interactive Fiction,81075,shinomegami,2015,80125
Inventory Management,42416,76561198050247132,2000,7271
Inventory Management,42416,76561198050247132,2007,26229
Inventory Management,42416,76561198050247132,2008,8718
Inventory Management,42416,76561198050247132,2013,198
Investigation,22366,76561198010030574,2011,22366
Isometric,139851,76561198092362090,2014,139851
JRPG,389196,REBAS_AS_F-T,2005,1113
JRPG,389196,REBAS_AS_F-T,2009,6688
JRPG,389196,REBAS_AS_F-T,2010,0
JRPG,389196,REBAS_AS_F-T,2011,25446
JRPG,389196,REBAS_AS_F-T,2012,18291
JRPG,389196,REBAS_AS_F-T,2013,17799
JRPG,389196,REBAS_AS_F-T,2014,46454
JRPG,389196,REBAS_AS_F-T,2015,97242
JRPG,389196,REBAS_AS_F-T,2016,176163
Kickstarter,147119,ramjamslam,2012,146741
Kickstarter,147119,ramjamslam,2013,378
LEGO,108786,lukebourne84,2012,6477
LEGO,108786,lukebourne84,2013,36184
LEGO,108786,lukebourne84,2014,46983
LEGO,108786,lukebourne84,2015,12511
LEGO,108786,lukebourne84,2016,6631
Lara Croft,35420,76561198057592145,2006,26
Lara Croft,35420,76561198057592145,2007,34
Lara Croft,35420,76561198057592145,2008,2
Lara Croft,35420,76561198057592145,2010,270
Lara Croft,35420,76561198057592145,2012,2426
Lara Croft,35420,76561198057592145,2013,32662
Lemmings,1153,Steamified,2012,107
Lemmings,1153,Steamified,2014,1046
Level Editor,93388,albinfajardo,2011,93388
Linear,174275,Sp3ctre,1998,0
Linear,174275,Sp3ctre,2003,7673
Linear,174275,Sp3ctre,2007,109103
Linear,174275,Sp3ctre,2009,5585
Linear,174275,Sp3ctre,2010,39827
Linear,174275,Sp3ctre,2011,0
Linear,174275,Sp3ctre,2012,3239
Linear,174275,Sp3ctre,2013,4706
Linear,174275,Sp3ctre,2014,4142
Local Co-Op,372524,stopgovtcorruption,2006,19974
Local Co-Op,372524,stopgovtcorruption,2007,1530
Local Co-Op,372524,stopgovtcorruption,2009,342805
Local Co-Op,372524,stopgovtcorruption,2011,1004
Local Co-Op,372524,stopgovtcorruption,2012,535
Local Co-Op,372524,stopgovtcorruption,2013,1276
Local Co-Op,372524,stopgovtcorruption,2014,4979
Local Co-Op,372524,stopgovtcorruption,2015,421
Local Multiplayer,162670,Cow666,2008,34404
Local Multiplayer,162670,Cow666,2011,34437
Local Multiplayer,162670,Cow666,2012,79706
Local Multiplayer,162670,Cow666,2014,13044
Local Multiplayer,162670,Cow666,2015,208
Local Multiplayer,162670,Cow666,2017,871
Loot,235638,erangaea,2009,3580
Loot,235638,erangaea,2011,116
Loot,235638,erangaea,2012,226442
Loot,235638,erangaea,2013,976
Loot,235638,erangaea,2014,4524
Loot,235638,erangaea,2015,0
Lore-Rich,437728,benjamingarrison,2012,234650
Lore-Rich,437728,benjamingarrison,2015,112992
Lore-Rich,437728,benjamingarrison,2016,90086
Lovecraftian,125825,berkyjef,2007,0
Lovecraftian,125825,berkyjef,2009,163
Lovecraftian,125825,berkyjef,2010,3974
Lovecraftian,125825,berkyjef,2016,121688
MMORPG,636726,Evilutional,2012,636326
MMORPG,636726,Evilutional,2013,38
MMORPG,636726,Evilutional,2017,362
MOBA,144396,DieMadchenschanderin,2015,131758
MOBA,144396,DieMadchenschanderin,2016,12638
Magic,363284,76561198027406146,2002,0
Magic,363284,76561198027406146,2007,0
Magic,363284,76561198027406146,2011,137
Magic,363284,76561198027406146,2013,363147
Management,613854,idonothack,2003,0
Management,613854,idonothack,2006,82
Management,613854,idonothack,2007,0
Management,613854,idonothack,2008,0
Management,613854,idonothack,2009,0
Management,613854,idonothack,2010,114
Management,613854,idonothack,2013,1591
Management,613854,idonothack,2014,114
Management,613854,idonothack,2015,611849
Management,613854,idonothack,2016,104
Mars,15064,76561197995418864,2009,15064
Martial Arts,47445,76561198092703325,2006,47445
Massively Multiplayer,842932,clawbot44,2003,320
Massively Multiplayer,842932,clawbot44,2006,723162
Massively Multiplayer,842932,clawbot44,2010,9686
Massively Multiplayer,842932,clawbot44,2011,58094
Massively Multiplayer,842932,clawbot44,2013,3946
Massively Multiplayer,842932,clawbot44,2014,10800
Massively Multiplayer,842932,clawbot44,2015,32480
Massively Multiplayer,842932,clawbot44,2016,734
Massively Multiplayer,842932,clawbot44,2017,3710
Match 3,248415,DoctorSpaceman,2007,190
Match 3,248415,DoctorSpaceman,2008,427
Match 3,248415,DoctorSpaceman,2009,24
Match 3,248415,DoctorSpaceman,2010,269
Match 3,248415,DoctorSpaceman,2011,858
Match 3,248415,DoctorSpaceman,2013,242514
Match 3,248415,DoctorSpaceman,2015,4133
Mature,483797,REBAS_AS_F-T,2002,1
Mature,483797,REBAS_AS_F-T,2003,1863
Mature,483797,REBAS_AS_F-T,2005,1
Mature,483797,REBAS_AS_F-T,2008,0
Mature,483797,REBAS_AS_F-T,2010,31
Mature,483797,REBAS_AS_F-T,2011,7681
Mature,483797,REBAS_AS_F-T,2012,6116
Mature,483797,REBAS_AS_F-T,2013,61747
Mature,483797,REBAS_AS_F-T,2014,3338
Mature,483797,REBAS_AS_F-T,2015,157093
Mature,483797,REBAS_AS_F-T,2016,245902
Mature,483797,REBAS_AS_F-T,2017,24
Mechs,119824,RATmasterfy,2012,119824
Medieval,452594,76561198063368177,2001,79
Medieval,452594,76561198063368177,2006,1998
Medieval,452594,76561198063368177,2007,138
Medieval,452594,76561198063368177,2011,302
Medieval,452594,76561198063368177,2012,439912
Medieval,452594,76561198063368177,2013,143
Medieval,452594,76561198063368177,2014,393
Medieval,452594,76561198063368177,2015,9350
Medieval,452594,76561198063368177,2016,279
Memes,543578,johnvu3,2015,219151
Memes,543578,johnvu3,2016,324427
Metroidvania,94949,REBAS_AS_F-T,2010,2411
Metroidvania,94949,REBAS_AS_F-T,2012,1653
Metroidvania,94949,REBAS_AS_F-T,2013,14071
Metroidvania,94949,REBAS_AS_F-T,2014,12963
Metroidvania,94949,REBAS_AS_F-T,2015,6066
Metroidvania,94949,REBAS_AS_F-T,2016,56605
Metroidvania,94949,REBAS_AS_F-T,2017,1180
Military,731245,crustyoldkiller,2004,388621
Military,731245,crustyoldkiller,2006,0
Military,731245,crustyoldkiller,2009,1511
Military,731245,crustyoldkiller,2010,8567
Military,731245,crustyoldkiller,2012,332493
Military,731245,crustyoldkiller,2014,53
Mini Golf,22052,Jaxon1049,2016,22052
Minimalist,67002,shinomegami,2010,0
Minimalist,67002,shinomegami,2011,466
Minimalist,67002,shinomegami,2012,89
Minimalist,67002,shinomegami,2013,65549
Minimalist,67002,shinomegami,2014,751
Minimalist,67002,shinomegami,2015,147
Mining,29303,beeny,2015,29303
Mod,723052,clawbot44,2006,722992
Mod,723052,clawbot44,2009,0
Mod,723052,clawbot44,2013,2
Mod,723052,clawbot44,2014,0
Mod,723052,clawbot44,2016,58
Moddable,917120,76561198063648921,2003,9548
Moddable,917120,76561198063648921,2004,256972
Moddable,917120,76561198063648921,2006,580518
Moddable,917120,76561198063648921,2008,8718
Moddable,917120,76561198063648921,2009,19556
Moddable,917120,76561198063648921,2012,29172
Moddable,917120,76561198063648921,2014,6720
Moddable,917120,76561198063648921,2015,5916
Modern,175066,NedSilver,2010,175066
Mouse only,136078,76561198047697394,2015,136078
Movie,12511,lukebourne84,2015,12511
Multiplayer,1817890,Sp3ctre,1998,0
Multiplayer,1817890,Sp3ctre,1999,44
Multiplayer,1817890,Sp3ctre,2000,70644
Multiplayer,1817890,Sp3ctre,2001,0
Multiplayer,1817890,Sp3ctre,2003,7744
Multiplayer,1817890,Sp3ctre,2004,127411
Multiplayer,1817890,Sp3ctre,2005,21339
Multiplayer,1817890,Sp3ctre,2006,89601
Multiplayer,1817890,Sp3ctre,2007,109103
Multiplayer,1817890,Sp3ctre,2008,206
Multiplayer,1817890,Sp3ctre,2009,104034
Multiplayer,1817890,Sp3ctre,2010,76956
Multiplayer,1817890,Sp3ctre,2011,152064
Multiplayer,1817890,Sp3ctre,2012,381519
Multiplayer,1817890,Sp3ctre,2013,114040
Multiplayer,1817890,Sp3ctre,2014,102282
Multiplayer,1817890,Sp3ctre,2015,388658
Multiplayer,1817890,Sp3ctre,2016,28918
Multiplayer,1817890,Sp3ctre,2017,43327
Multiple Endings,353024,stopgovtcorruption,2006,234508
Multiple Endings,353024,stopgovtcorruption,2012,118470
Multiple Endings,353024,stopgovtcorruption,2013,46
Music,74318,shinomegami,2003,1574
Music,74318,shinomegami,2008,1
Music,74318,shinomegami,2010,0
Music,74318,shinomegami,2011,747
Music,74318,shinomegami,2012,479
Music,74318,shinomegami,2013,69132
Music,74318,shinomegami,2014,2385
Music,74318,shinomegami,2015,0
Music-Based Procedural Generation,34404,Cow666,2008,34404
Mystery,288546,REBAS_AS_F-T,2010,6427
Mystery,288546,REBAS_AS_F-T,2011,84
Mystery,288546,REBAS_AS_F-T,2012,50296
Mystery,288546,REBAS_AS_F-T,2013,43476
Mystery,288546,REBAS_AS_F-T,2014,32715
Mystery,288546,REBAS_AS_F-T,2015,69593
Mystery,288546,REBAS_AS_F-T,2016,85955
Mystery Dungeon,4172,REBAS_AS_F-T,2015,4172
Mythology,139958,LimitsAU,2015,139958
NSFW,40600,76561198103927245,2013,40600
Narration,27070,76561198042306943,2012,26326
Narration,27070,76561198042306943,2013,400
Narration,27070,76561198042306943,2014,45
Narration,27070,76561198042306943,2015,299
Naval,273002,76561198016458849,2007,1766
Naval,273002,76561198016458849,2009,25734
Naval,273002,76561198016458849,2010,138267
Naval,273002,76561198016458849,2014,107235
Ninja,406717,laumir,2013,406717
Noir,74250,DownSyndromeKid,2002,73829
Noir,74250,DownSyndromeKid,2013,140
Noir,74250,DownSyndromeKid,2015,190
Noir,74250,DownSyndromeKid,2016,91
Nonlinear,44276,Cow666,2011,44276
Nudity,755696,REBAS_AS_F-T,2003,0
Nudity,755696,REBAS_AS_F-T,2008,0
Nudity,755696,REBAS_AS_F-T,2009,127
Nudity,755696,REBAS_AS_F-T,2010,31
Nudity,755696,REBAS_AS_F-T,2011,24087
Nudity,755696,REBAS_AS_F-T,2012,26820
Nudity,755696,REBAS_AS_F-T,2013,53881
Nudity,755696,REBAS_AS_F-T,2014,44142
Nudity,755696,REBAS_AS_F-T,2015,195860
Nudity,755696,REBAS_AS_F-T,2016,402796
Nudity,755696,REBAS_AS_F-T,2017,7952
Offroad,49579,76561198054281670,2010,31494
Offroad,49579,76561198054281670,2014,14755
Offroad,49579,76561198054281670,2015,1767
Offroad,49579,76561198054281670,2016,1563
On-Rails Shooter,7590,76561198031030015,2013,7389
On-Rails Shooter,7590,76561198031030015,2016,201
Online Co-Op,993229,Sp3ctre,1999,44
Online Co-Op,993229,Sp3ctre,2004,126
Online Co-Op,993229,Sp3ctre,2006,89357
Online Co-Op,993229,Sp3ctre,2009,102868
Online Co-Op,993229,Sp3ctre,2010,40077
Online Co-Op,993229,Sp3ctre,2011,140463
Online Co-Op,993229,Sp3ctre,2012,309088
Online Co-Op,993229,Sp3ctre,2013,88829
Online Co-Op,993229,Sp3ctre,2014,99941
Online Co-Op,993229,Sp3ctre,2015,120637
Online Co-Op,993229,Sp3ctre,2016,600
Online Co-Op,993229,Sp3ctre,2017,1199
Open World,870328,shinomegami,1997,99
Open World,870328,shinomegami,2000,0
Open World,870328,shinomegami,2001,0
Open World,870328,shinomegami,2002,0
Open World,870328,shinomegami,2003,532767
Open World,870328,shinomegami,2005,185
Open World,870328,shinomegami,2006,1744
Open World,870328,shinomegami,2007,68083
Open World,870328,shinomegami,2008,269
Open World,870328,shinomegami,2009,2577
Open World,870328,shinomegami,2010,11308
Open World,870328,shinomegami,2011,84187
Open World,870328,shinomegami,2012,16983
Open World,870328,shinomegami,2013,48036
Open World,870328,shinomegami,2014,7819
Open World,870328,shinomegami,2015,81674
Open World,870328,shinomegami,2016,14597
Open World,870328,shinomegami,2017,0
Otome,317300,REBAS_AS_F-T,2008,1241
Otome,317300,REBAS_AS_F-T,2010,6427
Otome,317300,REBAS_AS_F-T,2011,63178
Otome,317300,REBAS_AS_F-T,2012,18594
Otome,317300,REBAS_AS_F-T,2013,43058
Otome,317300,REBAS_AS_F-T,2014,7815
Otome,317300,REBAS_AS_F-T,2015,116477
Otome,317300,REBAS_AS_F-T,2016,60510
Parkour,406717,laumir,2013,406717
Parody,134223,DONTFUCKINGCLICKTHIS,2014,134223
Party-Based RPG,140113,76561198066939949,2009,140112
Party-Based RPG,140113,76561198066939949,2010,1
Perma Death,240245,76561198057784033,2012,114183
Perma Death,240245,76561198057784033,2015,17
Perma Death,240245,76561198057784033,2016,126045
Philisophical,38691,REBAS_AS_F-T,2010,3959
Philisophical,38691,REBAS_AS_F-T,2012,9432
Philisophical,38691,REBAS_AS_F-T,2014,12843
Philisophical,38691,REBAS_AS_F-T,2015,53
Philisophical,38691,REBAS_AS_F-T,2016,12404
Photo Editing,21885,Sky_Wolf,2014,21885
Physics,771534,clawbot44,2004,2708
Physics,771534,clawbot44,2006,723136
Physics,771534,clawbot44,2008,128
Physics,771534,clawbot44,2009,14480
Physics,771534,clawbot44,2013,594
Physics,771534,clawbot44,2014,5116
Physics,771534,clawbot44,2015,22660
Physics,771534,clawbot44,2016,58
Physics,771534,clawbot44,2017,2654
Pinball,33517,76561197994226134,2013,33517
Pirates,205822,76561198073043666,2015,205822
Pixel Graphics,400400,johnvu3,2012,28938
Pixel Graphics,400400,johnvu3,2013,300
Pixel Graphics,400400,johnvu3,2014,201
Pixel Graphics,400400,johnvu3,2015,219164
Pixel Graphics,400400,johnvu3,2016,151797
Platformer,389583,shinomegami,1991,0
Platformer,389583,shinomegami,1992,0
Platformer,389583,shinomegami,1993,0
Platformer,389583,shinomegami,1994,0
Platformer,389583,shinomegami,1995,0
Platformer,389583,shinomegami,1999,14
Platformer,389583,shinomegami,2000,1162
Platformer,389583,shinomegami,2005,158
Platformer,389583,shinomegami,2006,0
Platformer,389583,shinomegami,2007,0
Platformer,389583,shinomegami,2008,0
Platformer,389583,shinomegami,2009,2387
Platformer,389583,shinomegami,2010,219
Platformer,389583,shinomegami,2011,79813
Platformer,389583,shinomegami,2012,59122
Platformer,389583,shinomegami,2013,88751
Platformer,389583,shinomegami,2014,138912
Platformer,389583,shinomegami,2015,4557
Platformer,389583,shinomegami,2016,14488
Platformer,389583,shinomegami,2017,0
Point & Click,409555,idonothack,1992,0
Point & Click,409555,idonothack,1993,0
Point & Click,409555,idonothack,1994,0
Point & Click,409555,idonothack,2000,0
Point & Click,409555,idonothack,2002,0
Point & Click,409555,idonothack,2003,0
Point & Click,409555,idonothack,2004,0
Point & Click,409555,idonothack,2005,0
Point & Click,409555,idonothack,2006,0
Point & Click,409555,idonothack,2008,0
Point & Click,409555,idonothack,2009,0
Point & Click,409555,idonothack,2010,539
Point & Click,409555,idonothack,2011,0
Point & Click,409555,idonothack,2012,1142
Point & Click,409555,idonothack,2013,412
Point & Click,409555,idonothack,2014,0
Point & Click,409555,idonothack,2015,407462
Political,343212,76561198038513068,2007,4968
Political,343212,76561198038513068,2012,29554
Political,343212,76561198038513068,2013,308690
Politics,276800,76561198032459795,2010,1983
Politics,276800,76561198032459795,2012,274817
Pool,5112,PulpCraft,2013,5112
Post-apocalyptic,402561,SuNNZ,2008,189805
Post-apocalyptic,402561,SuNNZ,2009,212724
Post-apocalyptic,402561,SuNNZ,2010,32
Procedural Generation,160852,76561198078072918,2013,65
Procedural Generation,160852,76561198078072918,2014,160787
Programming,102554,76561198035718256,2012,102554
Psychedelic,74210,DownSyndromeKid,2008,73811
Psychedelic,74210,DownSyndromeKid,2013,0
Psychedelic,74210,DownSyndromeKid,2014,192
Psychedelic,74210,DownSyndromeKid,2015,207
Psychological,62445,REBAS_AS_F-T,2005,2176
Psychological,62445,REBAS_AS_F-T,2011,1096
Psychological,62445,REBAS_AS_F-T,2012,10393
Psychological,62445,REBAS_AS_F-T,2013,0
Psychological,62445,REBAS_AS_F-T,2015,31426
Psychological,62445,REBAS_AS_F-T,2016,17354
Psychological Horror,208494,REBAS_AS_F-T,2005,3
Psychological Horror,208494,REBAS_AS_F-T,2007,0
Psychological Horror,208494,REBAS_AS_F-T,2009,0
Psychological Horror,208494,REBAS_AS_F-T,2010,0
Psychological Horror,208494,REBAS_AS_F-T,2011,69
Psychological Horror,208494,REBAS_AS_F-T,2012,18579
Psychological Horror,208494,REBAS_AS_F-T,2013,4305
Psychological Horror,208494,REBAS_AS_F-T,2014,23782
Psychological Horror,208494,REBAS_AS_F-T,2015,54797
Psychological Horror,208494,REBAS_AS_F-T,2016,106632
Psychological Horror,208494,REBAS_AS_F-T,2017,327
Puzzle,527983,shinomegami,1991,0
Puzzle,527983,shinomegami,1993,0
Puzzle,527983,shinomegami,1996,0
Puzzle,527983,shinomegami,1997,0
Puzzle,527983,shinomegami,1999,1
Puzzle,527983,shinomegami,2001,1
Puzzle,527983,shinomegami,2002,126
Puzzle,527983,shinomegami,2004,96
Puzzle,527983,shinomegami,2005,1934
Puzzle,527983,shinomegami,2006,0
Puzzle,527983,shinomegami,2007,0
Puzzle,527983,shinomegami,2008,1460
Puzzle,527983,shinomegami,2009,6582
Puzzle,527983,shinomegami,2010,3330
Puzzle,527983,shinomegami,2011,5349
Puzzle,527983,shinomegami,2012,249732
Puzzle,527983,shinomegami,2013,206063
Puzzle,527983,shinomegami,2014,10909
Puzzle,527983,shinomegami,2015,14121
Puzzle,527983,shinomegami,2016,28279
Puzzle-Platformer,59171,shinomegami,2009,2311
Puzzle-Platformer,59171,shinomegami,2010,0
Puzzle-Platformer,59171,shinomegami,2011,165
Puzzle-Platformer,59171,shinomegami,2012,52836
Puzzle-Platformer,59171,shinomegami,2013,781
Puzzle-Platformer,59171,shinomegami,2014,1140
Puzzle-Platformer,59171,shinomegami,2015,1938
Puzzle-Platformer,59171,shinomegami,2016,0
PvE,533826,shinomegami,2003,530882
PvE,533826,shinomegami,2010,1934
PvE,533826,shinomegami,2013,1009
PvE,533826,shinomegami,2014,1
PvP,772616,crustyoldkiller,2004,388621
PvP,772616,crustyoldkiller,2009,811
PvP,772616,crustyoldkiller,2012,332493
PvP,772616,crustyoldkiller,2014,130
PvP,772616,crustyoldkiller,2015,50561
Quick-Time Events,145918,killer81KappaKappa,2013,3493
Quick-Time Events,145918,killer81KappaKappa,2015,142425
RPG,1185821,shinomegami,1999,377
RPG,1185821,shinomegami,2000,8392
RPG,1185821,shinomegami,2001,0
RPG,1185821,shinomegami,2002,0
RPG,1185821,shinomegami,2003,530943
RPG,1185821,shinomegami,2004,1801
RPG,1185821,shinomegami,2005,185
RPG,1185821,shinomegami,2006,2023
RPG,1185821,shinomegami,2007,136710
RPG,1185821,shinomegami,2008,1305
RPG,1185821,shinomegami,2009,1384
RPG,1185821,shinomegami,2010,41407
RPG,1185821,shinomegami,2011,21072
RPG,1185821,shinomegami,2012,27524
RPG,1185821,shinomegami,2013,124576
RPG,1185821,shinomegami,2014,145404
RPG,1185821,shinomegami,2015,127168
RPG,1185821,shinomegami,2016,15550
RPG,1185821,shinomegami,2017,0
RPGMaker,274153,REBAS_AS_F-T,2011,8278
RPGMaker,274153,REBAS_AS_F-T,2012,7772
RPGMaker,274153,REBAS_AS_F-T,2014,32374
RPGMaker,274153,REBAS_AS_F-T,2015,109075
RPGMaker,274153,REBAS_AS_F-T,2016,116654
RTS,487336,76561198063368177,2001,79
RTS,487336,76561198063368177,2006,4774
RTS,487336,76561198063368177,2009,4497
RTS,487336,76561198063368177,2010,2566
RTS,487336,76561198063368177,2011,966
RTS,487336,76561198063368177,2012,440354
RTS,487336,76561198063368177,2013,8968
RTS,487336,76561198063368177,2014,1620
RTS,487336,76561198063368177,2015,13352
RTS,487336,76561198063368177,2016,10160
Racing,745829,DownSyndromeKid,1994,0
Racing,745829,DownSyndromeKid,1995,318
Racing,745829,DownSyndromeKid,1996,0
Racing,745829,DownSyndromeKid,1999,0
Racing,745829,DownSyndromeKid,2005,91
Racing,745829,DownSyndromeKid,2006,74553
Racing,745829,DownSyndromeKid,2007,147814
Racing,745829,DownSyndromeKid,2008,147707
Racing,745829,DownSyndromeKid,2009,0
Racing,745829,DownSyndromeKid,2010,0
Racing,745829,DownSyndromeKid,2011,295361
Racing,745829,DownSyndromeKid,2013,74271
Racing,745829,DownSyndromeKid,2014,990
Racing,745829,DownSyndromeKid,2015,4539
Racing,745829,DownSyndromeKid,2016,185
Real Time Tactics,327200,76561198030382508,2004,21319
Real Time Tactics,327200,76561198030382508,2006,40718
Real Time Tactics,327200,76561198030382508,2009,22696
Real Time Tactics,327200,76561198030382508,2010,231595
Real Time Tactics,327200,76561198030382508,2013,6206
Real Time Tactics,327200,76561198030382508,2015,4666
Real-Time,447215,76561198063368177,2006,2776
Real-Time,447215,76561198063368177,2009,3940
Real-Time,447215,76561198063368177,2010,587
Real-Time,447215,76561198063368177,2012,439912
Real-Time with Pause,413812,76561198038513068,2007,4968
Real-Time with Pause,413812,76561198038513068,2010,66348
Real-Time with Pause,413812,76561198038513068,2012,29554
Real-Time with Pause,413812,76561198038513068,2013,308612
Real-Time with Pause,413812,76561198038513068,2016,4330
Realistic,471288,76561198064619260,2011,670
Realistic,471288,76561198064619260,2012,468362
Realistic,471288,76561198064619260,2013,192
Realistic,471288,76561198064619260,2014,2064
Relaxing,155215,Gravalanch,2010,154446
Relaxing,155215,Gravalanch,2015,769
Remake,227653,LapFucksTrax,1999,108713
Remake,227653,LapFucksTrax,2004,1075
Remake,227653,LapFucksTrax,2006,0
Remake,227653,LapFucksTrax,2008,0
Remake,227653,LapFucksTrax,2013,116232
Remake,227653,LapFucksTrax,2014,1632
Remake,227653,LapFucksTrax,2016,1
Replay Value,518538,streetjimmy,2005,0
Replay Value,518538,streetjimmy,2006,0
Replay Value,518538,streetjimmy,2008,2794
Replay Value,518538,streetjimmy,2010,425469
Replay Value,518538,streetjimmy,2011,3721
Replay Value,518538,streetjimmy,2012,65177
Replay Value,518538,streetjimmy,2013,1994
Replay Value,518538,streetjimmy,2014,273
Replay Value,518538,streetjimmy,2015,15266
Replay Value,518538,streetjimmy,2016,3844
Resource Management,213278,76561198006084032,2015,213278
Retro,323143,shinomegami,1992,0
Retro,323143,shinomegami,1993,22001
Retro,323143,shinomegami,1994,0
Retro,323143,shinomegami,1995,2
Retro,323143,shinomegami,1996,1742
Retro,323143,shinomegami,1997,0
Retro,323143,shinomegami,1998,3
Retro,323143,shinomegami,1999,1
Retro,323143,shinomegami,2000,0
Retro,323143,shinomegami,2001,0
Retro,323143,shinomegami,2008,0
Retro,323143,shinomegami,2009,0
Retro,323143,shinomegami,2010,261
Retro,323143,shinomegami,2011,67003
Retro,323143,shinomegami,2012,2829
Retro,323143,shinomegami,2013,12927
Retro,323143,shinomegami,2014,71188
Retro,323143,shinomegami,2015,144999
Retro,323143,shinomegami,2016,187
Rhythm,73462,thatharlequin,2012,1
Rhythm,73462,thatharlequin,2016,73461
Robots,221914,DodgM8,2010,87
Robots,221914,DodgM8,2011,337
Robots,221914,DodgM8,2012,221216
Robots,221914,DodgM8,2013,140
Robots,221914,DodgM8,2014,3
Robots,221914,DodgM8,2015,131
Rogue-like,233022,skotavus,2011,63327
Rogue-like,233022,skotavus,2012,21788
Rogue-like,233022,skotavus,2013,46325
Rogue-like,233022,skotavus,2014,65644
Rogue-like,233022,skotavus,2015,22555
Rogue-like,233022,skotavus,2016,13383
Rogue-lite,220355,skotavus,2011,63327
Rogue-lite,220355,skotavus,2012,19008
Rogue-lite,220355,skotavus,2013,38456
Rogue-lite,220355,skotavus,2014,66045
Rogue-lite,220355,skotavus,2015,21250
Rogue-lite,220355,skotavus,2016,12269
Romance,570097,REBAS_AS_F-T,2008,1271
Romance,570097,REBAS_AS_F-T,2009,9454
Romance,570097,REBAS_AS_F-T,2010,13247
Romance,570097,REBAS_AS_F-T,2011,41817
Romance,570097,REBAS_AS_F-T,2012,42146
Romance,570097,REBAS_AS_F-T,2013,74740
Romance,570097,REBAS_AS_F-T,2014,12233
Romance,570097,REBAS_AS_F-T,2015,178589
Romance,570097,REBAS_AS_F-T,2016,196600
Rome,219674,76561198035591272,2013,219674
Runner,36991,76561198058230663,2011,102
Runner,36991,76561198058230663,2013,258
Runner,36991,76561198058230663,2014,928
Runner,36991,76561198058230663,2015,35703
Sailing,61542,76561197978096694,2016,61542
Sandbox,969444,76561198063648921,2003,9548
Sandbox,969444,76561198063648921,2004,242398
Sandbox,969444,76561198063648921,2006,578204
Sandbox,969444,76561198063648921,2008,23950
Sandbox,969444,76561198063648921,2011,9038
Sandbox,969444,76561198063648921,2012,66
Sandbox,969444,76561198063648921,2013,29872
Sandbox,969444,76561198063648921,2014,48018
Sandbox,969444,76561198063648921,2015,19760
Sandbox,969444,76561198063648921,2016,7546
Sandbox,969444,76561198063648921,2017,1044
Satire,74913,Cow666,2002,62
Satire,74913,Cow666,2003,34890
Satire,74913,Cow666,2011,39961
Sci-fi,797450,shinomegami,1993,22001
Sci-fi,797450,shinomegami,1995,20485
Sci-fi,797450,shinomegami,1997,0
Sci-fi,797450,shinomegami,1998,3716
Sci-fi,797450,shinomegami,1999,378
Sci-fi,797450,shinomegami,2000,10775
Sci-fi,797450,shinomegami,2001,3
Sci-fi,797450,shinomegami,2002,0
Sci-fi,797450,shinomegami,2003,531614
Sci-fi,797450,shinomegami,2004,1278
Sci-fi,797450,shinomegami,2005,0
Sci-fi,797450,shinomegami,2006,159
Sci-fi,797450,shinomegami,2007,69974
Sci-fi,797450,shinomegami,2008,249
Sci-fi,797450,shinomegami,2009,4977
Sci-fi,797450,shinomegami,2010,4272
Sci-fi,797450,shinomegami,2011,11159
Sci-fi,797450,shinomegami,2012,15205
Sci-fi,797450,shinomegami,2013,22653
Sci-fi,797450,shinomegami,2014,63524
Sci-fi,797450,shinomegami,2015,440
Sci-fi,797450,shinomegami,2016,14588
Sci-fi,797450,shinomegami,2017,0
Science,231552,76561198035591272,2011,696
Science,231552,76561198035591272,2015,230856
Score Attack,356882,jiumohoo,2000,356217
Score Attack,356882,jiumohoo,2013,280
Score Attack,356882,jiumohoo,2015,123
Score Attack,356882,jiumohoo,2016,262
Sexual Content,394241,johnvu3,2015,219615
Sexual Content,394241,johnvu3,2016,174626
Shoot 'Em Up,292453,REBAS_AS_F-T,1996,0
Shoot 'Em Up,292453,REBAS_AS_F-T,2002,0
Shoot 'Em Up,292453,REBAS_AS_F-T,2010,1118
Shoot 'Em Up,292453,REBAS_AS_F-T,2011,5672
Shoot 'Em Up,292453,REBAS_AS_F-T,2012,8139
Shoot 'Em Up,292453,REBAS_AS_F-T,2013,6926
Shoot 'Em Up,292453,REBAS_AS_F-T,2014,48604
Shoot 'Em Up,292453,REBAS_AS_F-T,2015,69983
Shoot 'Em Up,292453,REBAS_AS_F-T,2016,150612
Shoot 'Em Up,292453,REBAS_AS_F-T,2017,1399
Shooter,1441869,Sp3ctre,1996,0
Shooter,1441869,Sp3ctre,1998,0
Shooter,1441869,Sp3ctre,1999,44
Shooter,1441869,Sp3ctre,2000,70644
Shooter,1441869,Sp3ctre,2001,250
Shooter,1441869,Sp3ctre,2002,238
Shooter,1441869,Sp3ctre,2003,7673
Shooter,1441869,Sp3ctre,2004,127411
Shooter,1441869,Sp3ctre,2005,21339
Shooter,1441869,Sp3ctre,2006,89648
Shooter,1441869,Sp3ctre,2007,112413
Shooter,1441869,Sp3ctre,2008,8513
Shooter,1441869,Sp3ctre,2009,103589
Shooter,1441869,Sp3ctre,2010,72038
Shooter,1441869,Sp3ctre,2011,15723
Shooter,1441869,Sp3ctre,2012,320773
Shooter,1441869,Sp3ctre,2013,117774
Shooter,1441869,Sp3ctre,2014,101153
Shooter,1441869,Sp3ctre,2015,249342
Shooter,1441869,Sp3ctre,2016,1951
Shooter,1441869,Sp3ctre,2017,21353
Short,223384,shinomegami,2001,1
Short,223384,shinomegami,2006,0
Short,223384,shinomegami,2007,0
Short,223384,shinomegami,2008,0
Short,223384,shinomegami,2009,786
Short,223384,shinomegami,2010,0
Short,223384,shinomegami,2011,2154
Short,223384,shinomegami,2012,2259
Short,223384,shinomegami,2013,70898
Short,223384,shinomegami,2014,64443
Short,223384,shinomegami,2015,82842
Short,223384,shinomegami,2016,1
Side Scroller,277900,qqmp,2010,300
Side Scroller,277900,qqmp,2012,959
Side Scroller,277900,qqmp,2013,0
Side Scroller,277900,qqmp,2014,264925
Side Scroller,277900,qqmp,2015,8695
Side Scroller,277900,qqmp,2016,3021
Silent Protagonist,225046,DownSyndromeKid,1998,76899
Silent Protagonist,225046,DownSyndromeKid,1999,73970
Silent Protagonist,225046,DownSyndromeKid,2001,73956
Silent Protagonist,225046,DownSyndromeKid,2004,126
Silent Protagonist,225046,DownSyndromeKid,2014,95
Silent Protagonist,225046,DownSyndromeKid,2015,0
Simulation,1023267,shinomegami,1993,22001
Simulation,1023267,shinomegami,1994,0
Simulation,1023267,shinomegami,1998,0
Simulation,1023267,shinomegami,2000,0
Simulation,1023267,shinomegami,2001,0
Simulation,1023267,shinomegami,2002,2434
Simulation,1023267,shinomegami,2003,530882
Simulation,1023267,shinomegami,2004,75
Simulation,1023267,shinomegami,2006,1579
Simulation,1023267,shinomegami,2007,193319
Simulation,1023267,shinomegami,2008,269
Simulation,1023267,shinomegami,2009,4728
Simulation,1023267,shinomegami,2010,12271
Simulation,1023267,shinomegami,2011,4151
Simulation,1023267,shinomegami,2012,24002
Simulation,1023267,shinomegami,2013,110696
Simulation,1023267,shinomegami,2014,26305
Simulation,1023267,shinomegami,2015,90316
Simulation,1023267,shinomegami,2016,239
Simulation,1023267,shinomegami,2017,0
Singleplayer,2188934,REBAS_AS_F-T,1998,1
Singleplayer,2188934,REBAS_AS_F-T,1999,225
Singleplayer,2188934,REBAS_AS_F-T,2000,0
Singleplayer,2188934,REBAS_AS_F-T,2001,0
Singleplayer,2188934,REBAS_AS_F-T,2002,1
Singleplayer,2188934,REBAS_AS_F-T,2003,1863
Singleplayer,2188934,REBAS_AS_F-T,2004,9099
Singleplayer,2188934,REBAS_AS_F-T,2005,3293
Singleplayer,2188934,REBAS_AS_F-T,2006,1740
Singleplayer,2188934,REBAS_AS_F-T,2007,10265
Singleplayer,2188934,REBAS_AS_F-T,2008,5032
Singleplayer,2188934,REBAS_AS_F-T,2009,49620
Singleplayer,2188934,REBAS_AS_F-T,2010,69740
Singleplayer,2188934,REBAS_AS_F-T,2011,108088
Singleplayer,2188934,REBAS_AS_F-T,2012,210950
Singleplayer,2188934,REBAS_AS_F-T,2013,339443
Singleplayer,2188934,REBAS_AS_F-T,2014,305321
Singleplayer,2188934,REBAS_AS_F-T,2015,463353
Singleplayer,2188934,REBAS_AS_F-T,2016,607501
Singleplayer,2188934,REBAS_AS_F-T,2017,3399
Sniper,97414,76561198071178936,2005,0
Sniper,97414,76561198071178936,2012,97320
Sniper,97414,76561198071178936,2013,94
Sniper,97414,76561198071178936,2014,0
Soccer,119294,express157,2015,119271
Soccer,119294,express157,2016,23
Software,207651,76561198073642113,2014,207651
Software Training,109916,Lickidactyl,2014,109916
Sokoban,5730,76561198046736236,2014,5730
Soundtrack,48786,REBAS_AS_F-T,2013,1062
Soundtrack,48786,REBAS_AS_F-T,2014,4726
Soundtrack,48786,REBAS_AS_F-T,2015,36281
Soundtrack,48786,REBAS_AS_F-T,2016,6717
Space,652879,shinomegami,1993,22001
Space,652879,shinomegami,1998,0
Space,652879,shinomegami,1999,301
Space,652879,shinomegami,2000,1162
Space,652879,shinomegami,2003,530882
Space,652879,shinomegami,2005,0
Space,652879,shinomegami,2007,271
Space,652879,shinomegami,2008,0
Space,652879,shinomegami,2009,4053
Space,652879,shinomegami,2010,4128
Space,652879,shinomegami,2011,3625
Space,652879,shinomegami,2012,5898
Space,652879,shinomegami,2013,7968
Space,652879,shinomegami,2014,56090
Space,652879,shinomegami,2015,2084
Space,652879,shinomegami,2016,14416
Space Sim,535279,shinomegami,1998,0
Space Sim,535279,shinomegami,2000,0
Space Sim,535279,shinomegami,2003,530882
Space Sim,535279,shinomegami,2007,271
Space Sim,535279,shinomegami,2008,0
Space Sim,535279,shinomegami,2012,55
Space Sim,535279,shinomegami,2013,3924
Space Sim,535279,shinomegami,2015,147
Space Sim,535279,shinomegami,2016,0
Spectacle fighter,52606,hydrariver,2006,2235
Spectacle fighter,52606,hydrariver,2008,7318
Spectacle fighter,52606,hydrariver,2010,14
Spectacle fighter,52606,hydrariver,2013,37860
Spectacle fighter,52606,hydrariver,2014,4044
Spectacle fighter,52606,hydrariver,2015,1135
Spelling,6798,BurningCassette,2014,6798
Split Screen,150320,76561197995725436,2013,79186
Split Screen,150320,76561197995725436,2014,71134
Sports,193206,76561197995725436,2012,40941
Sports,193206,76561197995725436,2013,79186
Sports,193206,76561197995725436,2014,73079
Star Wars,94408,76561198018608250,2003,5204
Star Wars,94408,76561198018608250,2005,41462
Star Wars,94408,76561198018608250,2006,47742
Stealth,236609,stopgovtcorruption,2006,234508
Stealth,236609,stopgovtcorruption,2007,223
Stealth,236609,stopgovtcorruption,2009,0
Stealth,236609,stopgovtcorruption,2010,0
Stealth,236609,stopgovtcorruption,2011,617
Stealth,236609,stopgovtcorruption,2012,835
Stealth,236609,stopgovtcorruption,2013,303
Stealth,236609,stopgovtcorruption,2015,123
Steam Machine,3745,REBAS_AS_F-T,2014,3745
Steampunk,153480,76561197962448420,2007,130
Steampunk,153480,76561197962448420,2010,0
Steampunk,153480,76561197962448420,2012,153350
Steampunk,153480,76561197962448420,2016,0
Story Rich,1268090,REBAS_AS_F-T,1998,1
Story Rich,1268090,REBAS_AS_F-T,1999,224
Story Rich,1268090,REBAS_AS_F-T,2000,0
Story Rich,1268090,REBAS_AS_F-T,2001,0
Story Rich,1268090,REBAS_AS_F-T,2002,1
Story Rich,1268090,REBAS_AS_F-T,2004,9099
Story Rich,1268090,REBAS_AS_F-T,2005,2180
Story Rich,1268090,REBAS_AS_F-T,2006,31
Story Rich,1268090,REBAS_AS_F-T,2007,9736
Story Rich,1268090,REBAS_AS_F-T,2008,3293
Story Rich,1268090,REBAS_AS_F-T,2009,14597
Story Rich,1268090,REBAS_AS_F-T,2010,41925
Story Rich,1268090,REBAS_AS_F-T,2011,31429
Story Rich,1268090,REBAS_AS_F-T,2012,145960
Story Rich,1268090,REBAS_AS_F-T,2013,171214
Story Rich,1268090,REBAS_AS_F-T,2014,126520
Story Rich,1268090,REBAS_AS_F-T,2015,333707
Story Rich,1268090,REBAS_AS_F-T,2016,375560
Story Rich,1268090,REBAS_AS_F-T,2017,2613
Strategy,1220723,shinomegami,1993,22001
Strategy,1220723,shinomegami,1995,20485
Strategy,1220723,shinomegami,1997,0
Strategy,1220723,shinomegami,1998,0
Strategy,1220723,shinomegami,1999,14
Strategy,1220723,shinomegami,2000,0
Strategy,1220723,shinomegami,2001,2
Strategy,1220723,shinomegami,2002,2434
Strategy,1220723,shinomegami,2003,531616
Strategy,1220723,shinomegami,2004,847
Strategy,1220723,shinomegami,2005,0
Strategy,1220723,shinomegami,2006,139
Strategy,1220723,shinomegami,2007,68861
Strategy,1220723,shinomegami,2008,500
Strategy,1220723,shinomegami,2009,74762
Strategy,1220723,shinomegami,2010,53220
Strategy,1220723,shinomegami,2011,73810
Strategy,1220723,shinomegami,2012,84915
Strategy,1220723,shinomegami,2013,150415
Strategy,1220723,shinomegami,2014,131131
Strategy,1220723,shinomegami,2015,4011
Strategy,1220723,shinomegami,2016,1560
Strategy,1220723,shinomegami,2017,0
Strategy RPG,43378,tobscene,2010,88
Strategy RPG,43378,tobscene,2014,43290
Stylized,221146,erangaea,2006,0
Stylized,221146,erangaea,2009,594
Stylized,221146,erangaea,2012,220552
Stylized,221146,erangaea,2013,0
Superhero,250776,DoctorSpaceman,2002,945
Superhero,250776,DoctorSpaceman,2010,1721
Superhero,250776,DoctorSpaceman,2012,125
Superhero,250776,DoctorSpaceman,2013,247985
Supernatural,118545,stopgovtcorruption,2012,118545
Surreal,121193,REBAS_AS_F-T,2005,2176
Surreal,121193,REBAS_AS_F-T,2011,358
Surreal,121193,REBAS_AS_F-T,2012,10512
Surreal,121193,REBAS_AS_F-T,2013,8045
Surreal,121193,REBAS_AS_F-T,2014,21688
Surreal,121193,REBAS_AS_F-T,2015,62806
Surreal,121193,REBAS_AS_F-T,2016,15608
Survival,692599,mittensgalore,2000,86187
Survival,692599,mittensgalore,2004,306207
Survival,692599,mittensgalore,2008,42593
Survival,692599,mittensgalore,2009,257612
Survival Horror,379400,76561197961702279,2004,7
Survival Horror,379400,76561197961702279,2005,331
Survival Horror,379400,76561197961702279,2008,16
Survival Horror,379400,76561197961702279,2009,369257
Survival Horror,379400,76561197961702279,2010,0
Survival Horror,379400,76561197961702279,2013,7457
Survival Horror,379400,76561197961702279,2016,2332
Swordplay,234508,stopgovtcorruption,2006,234508
Tactical,854273,LapFucksTrax,2000,131387
Tactical,854273,LapFucksTrax,2003,113292
Tactical,854273,LapFucksTrax,2004,132333
Tactical,854273,LapFucksTrax,2006,3
Tactical,854273,LapFucksTrax,2008,1
Tactical,854273,LapFucksTrax,2009,1064
Tactical,854273,LapFucksTrax,2010,111293
Tactical,854273,LapFucksTrax,2011,0
Tactical,854273,LapFucksTrax,2012,241728
Tactical,854273,LapFucksTrax,2013,117449
Tactical,854273,LapFucksTrax,2014,20
Tactical,854273,LapFucksTrax,2015,5568
Tactical,854273,LapFucksTrax,2016,135
Tactical RPG,260061,rinco69,2013,0
Tactical RPG,260061,rinco69,2014,33
Tactical RPG,260061,rinco69,2015,260028
Tactical RPG,260061,rinco69,2016,0
Tanks,266709,tankedout,2006,214202
Tanks,266709,tankedout,2011,9226
Tanks,266709,tankedout,2013,42886
Tanks,266709,tankedout,2015,395
Team-Based,797113,LapFucksTrax,1999,108713
Team-Based,797113,LapFucksTrax,2000,131387
Team-Based,797113,LapFucksTrax,2003,113292
Team-Based,797113,LapFucksTrax,2004,132333
Team-Based,797113,LapFucksTrax,2006,0
Team-Based,797113,LapFucksTrax,2008,1
Team-Based,797113,LapFucksTrax,2009,723
Team-Based,797113,LapFucksTrax,2010,111293
Team-Based,797113,LapFucksTrax,2011,0
Team-Based,797113,LapFucksTrax,2012,198085
Team-Based,797113,LapFucksTrax,2013,901
Team-Based,797113,LapFucksTrax,2014,379
Team-Based,797113,LapFucksTrax,2015,5
Team-Based,797113,LapFucksTrax,2016,1
Text-Based,80370,shinomegami,2013,245
Text-Based,80370,shinomegami,2015,80125
Third Person,500035,Cow666,2002,62
Third Person,500035,Cow666,2003,186
Third Person,500035,Cow666,2005,216
Third Person,500035,Cow666,2008,47564
Third Person,500035,Cow666,2009,49890
Third Person,500035,Cow666,2010,150400
Third Person,500035,Cow666,2011,152555
Third Person,500035,Cow666,2012,58311
Third Person,500035,Cow666,2015,40851
Third-Person Shooter,466431,poedgirl,2001,2
Third-Person Shooter,466431,poedgirl,2002,0
Third-Person Shooter,466431,poedgirl,2003,1
Third-Person Shooter,466431,poedgirl,2005,5
Third-Person Shooter,466431,poedgirl,2006,7
Third-Person Shooter,466431,poedgirl,2009,1165
Third-Person Shooter,466431,poedgirl,2010,1160
Third-Person Shooter,466431,poedgirl,2011,410613
Third-Person Shooter,466431,poedgirl,2012,15
Third-Person Shooter,466431,poedgirl,2013,28778
Third-Person Shooter,466431,poedgirl,2015,18083
Third-Person Shooter,466431,poedgirl,2016,6602
Thriller,26326,76561198042306943,2012,26326
Time Attack,50073,Write-0ff,2009,9
Time Attack,50073,Write-0ff,2010,546
Time Attack,50073,Write-0ff,2011,48888
Time Attack,50073,Write-0ff,2012,450
Time Attack,50073,Write-0ff,2013,180
Time Manipulation,51834,shinomegami,2009,49
Time Manipulation,51834,shinomegami,2012,50012
Time Manipulation,51834,shinomegami,2014,454
Time Manipulation,51834,shinomegami,2015,1319
Time Travel,155084,76561198058907115,2015,155084
Top-Down,213024,76561198006084032,2015,213024
Top-Down Shooter,39117,symetricaldeath,2012,773
Top-Down Shooter,39117,symetricaldeath,2015,38344
Touch-Friendly,618494,idonothack,2008,2
Touch-Friendly,618494,idonothack,2009,62
Touch-Friendly,618494,idonothack,2010,1173
Touch-Friendly,618494,idonothack,2011,0
Touch-Friendly,618494,idonothack,2012,5131
Touch-Friendly,618494,idonothack,2013,473
Touch-Friendly,618494,idonothack,2014,82
Touch-Friendly,618494,idonothack,2015,611571
Tower Defense,366724,jiumohoo,2000,356217
Tower Defense,366724,jiumohoo,2011,88
Tower Defense,366724,jiumohoo,2012,191
Tower Defense,366724,jiumohoo,2013,1272
Tower Defense,366724,jiumohoo,2014,1721
Tower Defense,366724,jiumohoo,2015,3349
Tower Defense,366724,jiumohoo,2016,3260
Tower Defense,366724,jiumohoo,2017,626
TrackIR,291369,laerte261,2006,66
TrackIR,291369,laerte261,2011,417
TrackIR,291369,laerte261,2013,290886
Trading,468362,76561198064619260,2012,468362
Trading Card Game,342398,rinco69,2011,11325
Trading Card Game,342398,rinco69,2012,27006
Trading Card Game,342398,rinco69,2013,33715
Trading Card Game,342398,rinco69,2014,7797
Trading Card Game,342398,rinco69,2015,260028
Trading Card Game,342398,rinco69,2016,102
Trading Card Game,342398,rinco69,2017,2425
Trains,87405,76561198066840831,2009,84324
Trains,87405,76561198066840831,2015,3081
Transhumanism,14586,Soviet_Steve,2013,8975
Transhumanism,14586,Soviet_Steve,2016,5611
Turn-Based,486329,rinco69,1999,0
Turn-Based,486329,rinco69,2005,0
Turn-Based,486329,rinco69,2006,0
Turn-Based,486329,rinco69,2007,0
Turn-Based,486329,rinco69,2008,572
Turn-Based,486329,rinco69,2009,0
Turn-Based,486329,rinco69,2010,16294
Turn-Based,486329,rinco69,2011,14673
Turn-Based,486329,rinco69,2012,132578
Turn-Based,486329,rinco69,2013,41611
Turn-Based,486329,rinco69,2014,11410
Turn-Based,486329,rinco69,2015,266673
Turn-Based,486329,rinco69,2016,93
Turn-Based,486329,rinco69,2017,2425
Turn-Based Combat,261952,rinco69,2011,1319
Turn-Based Combat,261952,rinco69,2015,260540
Turn-Based Combat,261952,rinco69,2016,93
Turn-Based Strategy,445028,streetjimmy,2005,0
Turn-Based Strategy,445028,streetjimmy,2008,0
Turn-Based Strategy,445028,streetjimmy,2009,568
Turn-Based Strategy,445028,streetjimmy,2010,433357
Turn-Based Strategy,445028,streetjimmy,2011,1531
Turn-Based Strategy,445028,streetjimmy,2012,3188
Turn-Based Strategy,445028,streetjimmy,2013,34
Turn-Based Strategy,445028,streetjimmy,2014,308
Turn-Based Strategy,445028,streetjimmy,2015,160
Turn-Based Strategy,445028,streetjimmy,2016,5882
Turn-Based Tactics,273771,rinco69,2009,0
Turn-Based Tactics,273771,rinco69,2010,0
Turn-Based Tactics,273771,rinco69,2012,5841
Turn-Based Tactics,273771,rinco69,2013,6939
Turn-Based Tactics,273771,rinco69,2014,358
Turn-Based Tactics,273771,rinco69,2015,260540
Turn-Based Tactics,273771,rinco69,2016,93
Tutorial,4228,thugnificent,2014,4228
Twin Stick Shooter,160787,76561198078072918,2014,160787
Typing,14575,76561198047208452,2013,14575
Underground,3152,76561197970580235,2002,3152
Underwater,124301,76561198096678177,2015,124301
Utilities,207651,76561198073642113,2014,207651
VR,213969,76561198029584773,2014,213969
Vampire,18282,76561198063439860,2015,18282
Video Production,168314,ScottyG555,2015,168314
Villain Protagonist,36022,Harkugan,2004,3816
Villain Protagonist,36022,Harkugan,2007,0
Villain Protagonist,36022,Harkugan,2008,7326
Villain Protagonist,36022,Harkugan,2009,24880
Violent,255897,stopgovtcorruption,1996,372
Violent,255897,stopgovtcorruption,2009,212
Violent,255897,stopgovtcorruption,2012,252713
Violent,255897,stopgovtcorruption,2015,2600
Visual Novel,1696425,REBAS_AS_F-T,2004,6985
Visual Novel,1696425,REBAS_AS_F-T,2007,1070
Visual Novel,1696425,REBAS_AS_F-T,2008,1241
Visual Novel,1696425,REBAS_AS_F-T,2009,22781
Visual Novel,1696425,REBAS_AS_F-T,2010,13710
Visual Novel,1696425,REBAS_AS_F-T,2011,80767
Visual Novel,1696425,REBAS_AS_F-T,2012,72833
Visual Novel,1696425,REBAS_AS_F-T,2013,170188
Visual Novel,1696425,REBAS_AS_F-T,2014,89887
Visual Novel,1696425,REBAS_AS_F-T,2015,526992
Visual Novel,1696425,REBAS_AS_F-T,2016,702019
Visual Novel,1696425,REBAS_AS_F-T,2017,7952
Voice Control,8087,76561198023478539,2009,8087
Voxel,155200,76561198058907115,2012,48
Voxel,155200,76561198058907115,2015,155152
Walking Simulator,206336,76561198073043666,2013,514
Walking Simulator,206336,76561198073043666,2015,205822
War,731245,crustyoldkiller,2004,388621
War,731245,crustyoldkiller,2006,0
War,731245,crustyoldkiller,2009,1511
War,731245,crustyoldkiller,2010,8567
War,731245,crustyoldkiller,2012,332493
War,731245,crustyoldkiller,2014,53
Wargame,160140,76561198016458849,2013,52905
Wargame,160140,76561198016458849,2014,107235
Warhammer 40K,165376,76561198101480347,2006,2795
Warhammer 40K,165376,76561198101480347,2008,95871
Warhammer 40K,165376,76561198101480347,2009,3833
Warhammer 40K,165376,76561198101480347,2010,62877
Web Publishing,142964,Xyphien,2005,7296
Web Publishing,142964,Xyphien,2012,64657
Web Publishing,142964,Xyphien,2015,71011
Werewolves,115137,djoker888,2014,115137
Western,97477,76561197995146150,2010,97477
Word Game,6798,BurningCassette,2014,6798
World War I,117458,DrQuaz,2010,117094
World War I,117458,DrQuaz,2014,364
World War II,307674,Terminally-Chill,1998,0
World War II,307674,Terminally-Chill,1999,0
World War II,307674,Terminally-Chill,2002,0
World War II,307674,Terminally-Chill,2003,0
World War II,307674,Terminally-Chill,2005,749
World War II,307674,Terminally-Chill,2006,6914
World War II,307674,Terminally-Chill,2007,7094
World War II,307674,Terminally-Chill,2008,13655
World War II,307674,Terminally-Chill,2009,13879
World War II,307674,Terminally-Chill,2010,2532
World War II,307674,Terminally-Chill,2011,109940
World War II,307674,Terminally-Chill,2012,18996
World War II,307674,Terminally-Chill,2013,58866
World War II,307674,Terminally-Chill,2014,18388
World War II,307674,Terminally-Chill,2015,8683
World War II,307674,Terminally-Chill,2016,47978
Wrestling,18181,boydeer,2016,18181
Zombies,488384,stopgovtcorruption,2009,342805
Zombies,488384,stopgovtcorruption,2011,174
Zombies,488384,stopgovtcorruption,2012,134243
Zombies,488384,stopgovtcorruption,2013,165
Zombies,488384,stopgovtcorruption,2014,8561
Zombies,488384,stopgovtcorruption,2015,2436
e-sports,721114,crustyoldkiller,2004,388621
e-sports,721114,crustyoldkiller,2012,332493
